Month,Referrals_Received
Jan-23,163719
Feb-23,148669
Mar-23,167407
Apr-23,129753
May-23,146659
Jun-23,143475
Jul-23,150292
Aug-23,150330
Sep-23,150878
Oct-23,161313
Nov-23,162250
Dec-23,120561
Jan-24,176760
Feb-24,163419
Mar-24,150636
Apr-24,151975
May-24,147369
Jun-24,135213
Jul-24,151365
Aug-24,136679
Sep-24,146238
Oct-24,168013
Nov-24,149559
Dec-24,125141
Jan-25,163748
Feb-25,148164
Mar-25,148668
Apr-25,133908
May-25,137449
Jun-25,145215
Jul-25,159042
Aug-25,132762
Sep-25,154572
Oct-25,164279
Nov-25,150936
Dec-25,128415
Jan-26,159819
Feb-26,151810
